{
    "errno": 0,
    "data": {
        "total": 200,
        "list": [
            {
                "ID": "442654",
                "m_create_time": "08:25",
                "m_title": "\u5f71\u5e02\u6de1\u5b63\u7ec8\u7ed3,\u97e9\u56fd\u5bfc\u6f14\u5357\u6a58\u5317\u67b3,\u56fd\u4ea7\u7247\u600e\u4e48\u8fd8\u662f\u4e0d\u884c",
                "m_summary": "\u4e2d\u5916\u5408\u62cd\u7406\u8bba\u4e0a\u662f\u63d0\u9ad8\u56fd\u4ea7\u7535\u5f71\u8d28\u91cf\u7684\u597d\u65b9\u6cd5\uff0c\u4f46\u6c34\u571f\u4e0d\u670d\u7167\u6837\u4f1a\u7ed3\u51fa\u70c2\u679c\u5b50\u3002\u4f60\u8bf4\u662f\u79cd\u5b50\u7684\u95ee\u9898\uff0c\u8fd8\u662f\u6c34\u571f\u7684\u95ee\u9898\uff1f",
                "hotcount": 3518,
                "m_label_names": [
                    {
                        "m_id": "10818",
                        "m_name": "\u7535\u5f71"
                    },
                    {
                        "m_id": "20612",
                        "m_name": "\u7968\u623f"
                    },
                    {
                        "m_id": "26120",
                        "m_name": "\u56fd\u4ea7\u7247"
                    }
                ],
                "m_image_url": "http:\/\/d.hiphotos.baidu.com\/news\/crop%3D0%2C0%2C500%2C300%3Bw%3D638\/sign=21f7b3ec65d0f703f2fdcf9c35ca7d0d\/7aec54e736d12f2e12dc4b9b48c2d56284356874.jpg",
                "m_display_url": "http:\/\/ccy.baijia.baidu.com\/article\/442654",
                "m_writer_name": "\u9648\u660c\u4e1a",
                "m_writer_url": "http:\/\/ccy.baijia.baidu.com\/",
                "m_writer_account_type": "0",
                "m_attr_exclusive": "0",
                "m_attr_first_pub": "0"
            },
            {
                "ID": "442744",
                "m_create_time": "07:38",
                "m_title": "\u516c\u7acb\u533b\u9662\u7279\u8bb8\u7ecf\u8425\u7684\u6311\u6218",
                "m_summary": "\u516c\u7acb\u533b\u9662\u7279\u8bb8\u7ecf\u8425\u6a21\u5f0f\u7684\u6b63\u5f0f\u8d77\u6b65\u5bf9\u4e8e\u533b\u7597\u5e02\u573a\u5e76\u4e0d\u662f\u5174\u594b\u5242\uff0c\u5bf9\u4f53\u5236\u5916\u533b\u7597\u670d\u52a1\u7684\u53d1\u5c55\u4e5f\u5f88\u96be\u5e26\u6765\u8f83\u5927\u7684\u6539\u89c2\uff0c\u4e14\u9ad8\u5ea6\u53d7\u5236\u4e8e\u653f\u7b56\uff0c\u5f88\u96be\u6210\u4e3a\u672a\u6765\u4e3b\u6d41\u7684\u53d1\u5c55\u6a21\u5f0f\uff0c\u4e5f\u65e0\u6cd5\u6210\u4e3a\u64ac\u52a8\u533b\u7597\u670d\u52a1\u5e02\u573a\u5316\u7684\u57fa\u77f3\u3002",
                "hotcount": 376,
                "m_label_names": [],
                "m_image_url": "http:\/\/e.hiphotos.baidu.com\/news\/crop%3D0%2C2%2C900%2C540%3Bw%3D638\/sign=ade5b1a152fbb2fb20640252727a0c96\/9a504fc2d562853511d66bdd97ef76c6a7ef631c.jpg",
                "m_display_url": "http:\/\/cunfuriji.baijia.baidu.com\/article\/442744",
                "m_writer_name": "\u6751\u592b\u65e5\u8bb0",
                "m_writer_url": "http:\/\/cunfuriji.baijia.baidu.com\/",
                "m_writer_account_type": "0",
                "m_attr_exclusive": "0",
                "m_attr_first_pub": "1"
            },
            {
                "ID": "442645",
                "m_create_time": "07:32",
                "m_title": "\u516d\u5927\u5bb6\u7535\u5de8\u5934\u88c1\u54583.5\u4e07 \u4e2d\u56fd\u5236\u9020\u5371\u673a\u91cd\u91cd",
                "m_summary": "\u5f53\u6211\u4eec\u5bf9\u5236\u9020\u4e1a\u8d8a\u6765\u8d8a\u4e0d\u5f85\u89c1\u7684\u65f6\u5019\uff0c\u662f\u5426\u5fd8\u8bb0\u4e86\u5236\u9020\u4e1a\u89e3\u51b3\u4e861\u4ebf\u591a\u4eba\u7684\u5c31\u4e1a\uff1f",
                "hotcount": "1\u4e07",
                "m_label_names": [
                    {
                        "m_id": "27034",
                        "m_name": "\u683c\u529b\u7535\u5668"
                    },
                    {
                        "m_id": "20299",
                        "m_name": "\u7f8e\u7684\u96c6\u56e2"
                    },
                    {
                        "m_id": "14111",
                        "m_name": "\u5236\u9020\u4e1a"
                    }
                ],
                "m_image_url": "http:\/\/c.hiphotos.baidu.com\/news\/crop%3D37%2C1%2C581%2C349%3Bw%3D638\/sign=799d73448b5494ee936d555910c6d7d2\/023b5bb5c9ea15cebc9012f2b1003af33b87b2cb.jpg",
                "m_display_url": "http:\/\/mbcaijing.baijia.baidu.com\/article\/442645",
                "m_writer_name": "\u9762\u5305\u8d22\u7ecf",
                "m_writer_url": "http:\/\/mbcaijing.baijia.baidu.com\/",
                "m_writer_account_type": "0",
                "m_attr_exclusive": "0",
                "m_attr_first_pub": "0"
            },
            {
                "ID": "442689",
                "m_create_time": "07:20",
                "m_title": "\u4e92\u8054\u7f51\u56ed\u533a\u7684\u96c6\u4f53\u75c5",
                "m_summary": "\u8eab\u8fb9\u7684\u4e92\u8054\u7f51\u56ed\u533a\uff0c\u51e0\u4e4e\u4f34\u968f\u7740\u697c\u5e02\u7684\u706b\u7206\uff0c\u77ac\u95f4\u7206\u68da\u6210\u957f\u3002\u8fd9\u79cd\u6bd4\u7eaf\u7cb9\u5de5\u4e1a\u56ed\u533a\u552e\u4ef7\u66f4\u9ad8\uff0c\u6bd4\u5199\u5b57\u697c\u66f4\u4fbf\u5b9c\u7684\u96c6\u7ea6\u56ed\u533a\uff0c\u751a\u81f3\u8fd8\u6210\u4e3a\u4e0d\u5c11\u4e09\u56db\u7ebf\u57ce\u5e02\u5e26\u52a8\u5468\u8fb9\u623f\u4ef7\u7684\u201c\u914d\u5957\u8bbe\u65bd\u201d\u3002",
                "hotcount": 533,
                "m_label_names": [
                    {
                        "m_id": "64164",
                        "m_name": "\u56ed\u533a"
                    },
                    {
                        "m_id": "26933",
                        "m_name": "\u4e92\u8054\u7f51+"
                    },
                    {
                        "m_id": "49339",
                        "m_name": "\u4ea7\u4e1a\u56ed\u533a"
                    }
                ],
                "m_image_url": "http:\/\/e.hiphotos.baidu.com\/news\/crop%3D0%2C1%2C508%2C305%3Bw%3D638\/sign=c7ef569aff1986185508b5c477dd0242\/e850352ac65c103827b71d39b5119313b17e8904.jpg",
                "m_display_url": "http:\/\/kangsitanding.baijia.baidu.com\/article\/442689",
                "m_writer_name": "\u5eb7\u65af\u5766\u4e01",
                "m_writer_url": "http:\/\/kangsitanding.baijia.baidu.com\/",
                "m_writer_account_type": "0",
                "m_attr_exclusive": "0",
                "m_attr_first_pub": "1"
            },
            {
                "ID": "442718",
                "m_create_time": "01:21",
                "m_title": "\"\u6211\u5e2e\u52a9\u4eba\u7c7b\u6539\u53d8\u4e86\u4e16\u754c\u4e09\u6b21 \u4f46\u6211\u6c38\u8fdc\u662f\u4e2a\u5c40\u5916\u4eba\"",
                "m_summary": "# \u5982\u679c\u6211\u591f\u611f\u6027\uff0c\u6211\u4f1a\u6380\u5f00\u4e4c\u4e91\u53bb\u62e5\u62b1\u592a\u9633 #",
                "hotcount": 1229,
                "m_label_names": [],
                "m_image_url": "http:\/\/h.hiphotos.baidu.com\/news\/crop%3D0%2C9%2C400%2C240%3Bw%3D638\/sign=be3230cd263fb80e189e3b970be10317\/fd039245d688d43f384fad0e7a1ed21b0ff43b63.jpg",
                "m_display_url": "http:\/\/chaping.baijia.baidu.com\/article\/442718",
                "m_writer_name": "\u5dee\u8bc4",
                "m_writer_url": "http:\/\/chaping.baijia.baidu.com\/",
                "m_writer_account_type": "2",
                "m_attr_exclusive": "0",
                "m_attr_first_pub": "0"
            },
            {
                "ID": "442714",
                "m_create_time": "00:37",
                "m_title": "\u9c81\u80fd\u5df4\u897f\u5e2e\u662f\u5927\u7237\u5c0f\u9e4f\u6ca1\u5b9e\u6743 \u7ba1\u7406\u6709\u95ee\u9898\u7403\u5458\u4e0d\u804c\u4e1a",
                "m_summary": "\u9c81\u80fd\u4e3b\u573a\u906d\u5929\u6d25\u6cf0\u8fbe\u9006\u8f6c\uff0c\u9c81\u871c\u4e00\u7247\u8c29\u9a82\u4e4b\u58f0\uff0c\u4f5c\u4e3a\u4e00\u540d\u7bee\u7403\u8bb0\u8005\u5bf9\u9c81\u80fd\u7684\u60c5\u51b5\u4e5f\u4e86\u89e3\u4e0d\u592a\u591a\uff0c\u4f46\u4f5c\u4e3a\u4e00\u540d\u5c71\u4e1c\u7684\u4f53\u80b2\u8bb0\u8005\u8fd8\u60f3\u7ed9\u9c81\u80fd\u628a\u628a\u8109\uff0c\u627e\u627e\u5230\u5e95\u75db\u70b9\u5728\u54ea\u91cc\u3002",
                "hotcount": 5887,
                "m_label_names": [
                    {
                        "m_id": "14992",
                        "m_name": "\u9c81\u80fd"
                    }
                ],
                "m_image_url": "http:\/\/e.hiphotos.baidu.com\/news\/crop%3D0%2C2%2C800%2C480%3Bw%3D638\/sign=7e4b9b12f5d3572c72adc69cb7234f15\/0df431adcbef76093fac556429dda3cc7dd99ea2.jpg",
                "m_display_url": "http:\/\/baojieliu.baijia.baidu.com\/article\/442714",
                "m_writer_name": "\u5218\u5b9d\u6770",
                "m_writer_url": "http:\/\/baojieliu.baijia.baidu.com\/",
                "m_writer_account_type": "2",
                "m_attr_exclusive": "0",
                "m_attr_first_pub": "0"
            },
            {
                "ID": "442695",
                "m_create_time": "00:05",
                "m_title": "\u4e16\u754c\u4e0a\u6700\u806a\u660e\u7684\u4e03\u4e2a\u4eba\u600e\u4e48\u770b\u5f85\u4eba\u5de5\u667a\u80fd\u672a\u6765\uff1f",
                "m_summary": "\u4eba\u5de5\u667a\u80fd\u662f\u5e2e\u52a9\u6211\u4eec\u53d1\u5c55\uff1f\u8fd8\u662f\u4f1a\u6740\u4e86\u6211\u4eec\uff1f",
                "hotcount": 3587,
                "m_label_names": [
                    {
                        "m_id": "10523",
                        "m_name": "\u4eba\u5de5\u667a\u80fd"
                    },
                    {
                        "m_id": "108628",
                        "m_name": "\u597d\u4e0e\u574f"
                    }
                ],
                "m_image_url": "http:\/\/b.hiphotos.baidu.com\/news\/crop%3D84%2C0%2C960%2C576%3Bw%3D638\/sign=93361bc8748da9775a60dc6b8d69cc35\/c2cec3fdfc0392450f2e39f48094a4c27c1e25b6.jpg",
                "m_display_url": "http:\/\/synchuman.baijia.baidu.com\/article\/442695",
                "m_writer_name": "\u673a\u5668\u4e4b\u5fc3 Synced",
                "m_writer_url": "http:\/\/synchuman.baijia.baidu.com\/",
                "m_writer_account_type": "0",
                "m_attr_exclusive": "0",
                "m_attr_first_pub": "0"
            },
            {
                "ID": "442690",
                "m_create_time": "05-08",
                "m_title": "Siri\u521b\u59cb\u56e2\u961f\u660e\u65e5\u53d1\u5e03\u667a\u80fd\u52a9\u7406Viv\uff0cFacebook\u6b32\u6536\u8d2d",
                "m_summary": "\u56db\u5e74\u524d\uff0cDag Kittlaus \u548c Siri \u6700\u521d\u7814\u53d1\u56e2\u961f\u4e2d\u4e09\u5206\u4e4b\u4e00\u6210\u5458\u79bb\u5f00\u4e86\u82f9\u679c\u516c\u53f8\uff0c\u4ed6\u4eec\u8981\u60f3\u5f00\u53d1\u5c5e\u4e8e\u4ed6\u4eec\u81ea\u5df1\u7684\u4eba\u5de5\u667a\u80fd\u3002",
                "hotcount": 400,
                "m_label_names": [
                    {
                        "m_id": "108625",
                        "m_name": "Viv"
                    },
                    {
                        "m_id": "59808",
                        "m_name": "\u667a\u80fd\u52a9\u7406"
                    },
                    {
                        "m_id": "15079",
                        "m_name": "SIRI"
                    }
                ],
                "m_image_url": "http:\/\/d.hiphotos.baidu.com\/news\/crop%3D0%2C2%2C923%2C554%3Bw%3D638\/sign=d8dce38df51fbe090811995456502001\/ae51f3deb48f8c5437f919d43d292df5e0fe7f27.jpg",
                "m_display_url": "http:\/\/synchuman.baijia.baidu.com\/article\/442690",
                "m_writer_name": "\u673a\u5668\u4e4b\u5fc3 Synced",
                "m_writer_url": "http:\/\/synchuman.baijia.baidu.com\/",
                "m_writer_account_type": "0",
                "m_attr_exclusive": "0",
                "m_attr_first_pub": "0"
            },
            {
                "ID": "442668",
                "m_create_time": "05-08",
                "m_title": "\u63ed\u79d8\u5168\u7403\u6700\u5927\u7f51\u7ea2\u516c\u53f8,\u6279\u91cf\u9020Papi\u9171,\u6700\u9ad8\u5e74\u51658000\u4e07",
                "m_summary": "\u73b0\u5728\u4eba\u4eec\u8c08\u5230\u7f51\u7ea2\u5fc5\u8bf4\u53d8\u73b0\u80fd\u529b\u3002\u7a76\u6839\u7ed3\u5e95\u8fd8\u662f\u56e0\u4e3a\u56fd\u5185\u7f51\u7ea2\u4f9d\u7136\u662f\u5355\u6253\u72ec\u6597\u7684\u6a21\u5f0f\uff0c\u91ce\u86ee\u751f\u957f\uff0c\u770b\u8d77\u6765\u94b1\u90fd\u8ba9\u7f51\u7ea2\u81ea\u5df1\u4e00\u4e2a\u4eba\u8d5a\u4e86\uff0c\u4f46\u8fd9\u79cd\u6a21\u5f0f\u7684\u53ef\u6301\u7eed\u6027\uff0c\u786e\u5b9e\u4ee4\u4eba\u6000\u7591\u3002\u5c0f\u95ee\uff1a\u7f51\u7ea2\u80fd\u6279\u91cf\u5236\u9020\u5417\uff1f",
                "hotcount": 933,
                "m_label_names": [],
                "m_image_url": "http:\/\/h.hiphotos.baidu.com\/news\/crop%3D0%2C2%2C666%2C400%3Bw%3D638\/sign=d2b8ea18d239b600598155f7d4601918\/9d82d158ccbf6c81477cc513bb3eb13532fa4086.jpg",
                "m_display_url": "http:\/\/jincuodao.baijia.baidu.com\/article\/442668",
                "m_writer_name": "\u91d1\u9519\u5200",
                "m_writer_url": "http:\/\/jincuodao.baijia.baidu.com\/",
                "m_writer_account_type": "0",
                "m_attr_exclusive": "0",
                "m_attr_first_pub": "0"
            },
            {
                "ID": "442666",
                "m_create_time": "05-08",
                "m_title": "\u8ddf\u6211\u4e00\u8d77\u540a\u6253\u90a3\u4e9b\u5e74\u6211\u4eec\u7ea6\u8fc7\u7684\u4e13\u8f66\u516c\u53f8\uff01",
                "m_summary": "\u4f5c\u4e3a\u4e00\u4e2a\u8d2a\u8d22\u597d\u8272\u91cd\u60c5\u91cd\u4e49\u7684\u4eba\uff0c\u6211\u5f88\u5e86\u5e78\u4ece\u6765\u6ca1\u6709\u53bb\u5360\u8fc7\u4efb\u4f55\u4fbf\u5b9c\uff0c\u5305\u62ec\u9001\u4e0a\u95e8\u6765\u7684\uff0c\u6240\u4ee5\u4eca\u5929\u53ef\u4ee5\u5f88\u8f7b\u677e\u7684\u7ad9\u5728\u8fd9\u91cc\u8086\u610f\u81e7\u5426\uff0c\u5bf9\u6211\u8fd9\u79cd\u61d2\u4eba\u6765\u8bf4\uff0c\u6211\u5e0c\u671b\u53ef\u4ee5\u4e00\u8f88\u5b50\u4e0d\u52a8\u8f66\uff0c\u4e00\u8f88\u5b50\u6709\u4eba\u6765\u4e3a\u6211\u63d0\u4f9b\u6027\u4ef7\u6bd4\u4e0d\u9519\u7684\u7528\u8f66\u670d\u52a1\u3002",
                "hotcount": 1072,
                "m_label_names": [],
                "m_image_url": "http:\/\/f.hiphotos.baidu.com\/news\/crop%3D0%2C154%2C381%2C229%3Bw%3D638\/sign=5ad04c2471c6a7efad69f266c0ca8360\/5fdf8db1cb134954b4e2019f514e9258d0094a49.jpg",
                "m_display_url": "http:\/\/shifeike.baijia.baidu.com\/article\/442666",
                "m_writer_name": "\u77f3\u6249\u5ba2",
                "m_writer_url": "http:\/\/shifeike.baijia.baidu.com\/",
                "m_writer_account_type": "0",
                "m_attr_exclusive": "0",
                "m_attr_first_pub": "0"
            }
        ]
    }
}